date,G,PG,PG-13,R,Not Rated,20th Century Fox,All Others,Lionsgate,Paramount Pictures,Sony Pictures,STX Entertainment,Universal,Walt Disney,Warner Bros.,daily_total
1/1/2018,0,12646156,38278692,7606682,3426,9235383,4045656,1020395,1826956,17997379,804057,4865865,17189751,1549514,58534956
1/2/2018,0,8775085,23252467,4395751,2181,6396220,2367879,727240,1086119,11250753,441091,3396990,9799624,959568,36425484
1/3/2018,0,6194410,15819522,3438850,1957,4515643,2050800,518494,753946,7698007,377482,2265195,6609749,665423,25454739
1/4/2018,0,5480501,13488178,2755866,2047,4017855,1719589,431663,572544,6683408,323102,1928435,5573508,476488,21726592
1/5/2018,0,8738712,36292347,7024098,4101,7057439,4464334,735014,796123,11856732,2299305,16053460,8211780,585071,52059258
1/6/2018,0,12372234,45964639,9940387,4308,10043790,6521151,1004477,1170630,17472128,2912353,15471270,12792280,893489,68281568
1/7/2018,0,8284135,28486851,6295838,3842,6516031,4324579,642155,709051,11681576,1726827,8354970,8622475,493002,43070666
1/8/2018,0,2529637,7835896,2542328,981,2037879,1958388,188444,238408,3001153,559486,2453855,2307832,163397,12908842
1/9/2018,0,3139298,10450881,3670185,1615,2629543,2704840,235745,332936,4103073,936138,3184635,2912260,222809,17261979
1/10/2018,0,2157883,7095840,3065582,1806,1849838,2377246,171131,244810,2646752,701049,2025580,2134344,170361,12321111
1/11/2018,0,2025410,6787535,2504133,1187,1736759,2092204,154522,166616,2484958,589398,1939505,2028024,126279,11318265
1/12/2018,0,7052846,25697176,8079083,9268,9629140,4746950,4847056,127598,9651426,1068279,4859250,3381933,2526741,40838373
1/13/2018,0,13355742,39623000,11034109,17476,14253604,6813468,5778789,214121,16456776,1573272,7602100,6539761,4798436,64030327
1/14/2018,0,11491902,32123088,8839453,16488,11733194,5806279,4534357,159835,13318656,1230756,5952765,5635624,4099465,52470931
1/15/2018,0,10825726,20265206,5510131,5163,8789748,3798522,2551812,94299,9119577,746172,3266600,4149923,4089573,36606226
1/16/2018,0,2804019,9184458,2706468,7000,3845859,1815731,1558924,50763,3310234,484311,1441780,1413228,781115,14701945
1/17/2018,0,2072030,6592257,2154564,4842,2874590,1609395,1043242,40934,2204332,388994,1005865,1095657,560684,10823693
1/18/2018,0,2097130,6495278,2073564,3025,3004641,1627581,999922,39345,2120198,337628,928585,1057837,553260,10668997
1/19/2018,0,8348283,15615607,16590026,4075,6854947,7151026,2140357,70619,6002571,6127008,2650220,2059023,7502220,40557991
1/20/2018,0,12882495,27327035,21139605,5738,11474450,8776048,3419526,134222,11472920,6818186,4228935,4170433,10860153,61354873
1/21/2018,0,7469637,13850621,11221723,7095,5899757,4798853,1656797,75871,6071095,3883091,2017085,2471167,5675360,32549076
1/22/2018,0,1790324,4204489,4407291,1683,1955374,1913383,581654,19881,1521180,1466093,565140,686284,1694798,10403787
1/23/2018,0,2647912,6161495,6121259,3112,2982927,3031441,897885,26266,2194145,1789914,785930,867040,2358230,14933778
1/24/2018,0,1801936,4369544,4717934,1704,2152949,2708786,579894,21025,1404509,1242433,552670,675710,1553142,10891118
1/25/2018,0,1872283,4230610,4366561,508452,2127458,2637627,550462,528185,1387204,1158644,514140,659103,1415083,10977906
1/26/2018,0,5331547,18759678,13530688,1145539,13600534,9971915,1060010,1195405,4200544,2583441,1353655,1268068,3533880,38767452
1/27/2018,0,10036317,28682041,20583306,1860325,18690146,14601369,1732902,1961188,8404422,4184506,2241835,2668525,6677096,61161989
1/28/2018,0,6519268,17888493,13863854,1499749,11681171,9975932,1073852,1560880,5164738,2765838,1127000,1934394,4487559,39771364
1/29/2018,0,1441348,4203251,4151939,489046,2847510,3235895,306087,386878,1028221,778847,313520,431893,956733,10285584
1/30/2018,0,1978096,5770845,5424367,522192,4026389,4109373,454407,539483,1391512,987035,417270,502963,1267068,13695500
1/31/2018,0,1352219,3890723,4045093,325825,2579190,3116813,311362,339443,962853,716250,302685,404201,881063,9613860
2/1/2018,0,1381508,3774779,3957336,246161,2550993,3052828,299110,261684,961602,707072,268430,395671,862394,9359784
2/2/2018,0,4226530,13894851,9068902,641428,7057995,10840310,604441,662819,3082516,1683705,706645,992926,2200354,27831711
2/3/2018,0,8398048,23306171,15203501,1205463,12630408,16184775,990267,1254047,6355929,2826669,1224155,2275110,4371823,48113183
2/4/2018,0,3360524,8288080,5121086,601243,4449445,5910508,306994,618885,2200291,830036,370615,1044864,1639295,17370933
2/5/2018,0,1173699,3521042,3025698,1406,1861128,3055703,181048,7371,826026,580252,172200,380178,657939,7721845
2/6/2018,0,1592193,4830313,4173502,1215,2649486,4316143,271614,7250,1097922,732064,213900,447543,861301,10597223
2/7/2018,0,1204607,3390699,3080216,654,1826138,3093288,180672,6812,812617,532249,166220,381908,676272,7676176
2/8/2018,0,1108237,3200284,2922996,457,1736349,2966296,159916,6819,786059,472184,136315,363534,604502,7231974
2/9/2018,0,8137766,11101766,23322825,366,4038804,5067118,572513,18059,8206138,857586,18638990,493854,4669661,42562723
2/10/2018,0,16211358,19822871,21426957,33,7802444,9197747,804863,39327,16503414,1528123,13050590,1151835,7382876,57461219
2/11/2018,0,11232014,12512731,13629898,143,4889909,6055313,625353,27587,11366975,1067571,7740180,863084,4738814,37374786
2/12/2018,0,2366995,3573908,4708989,0,1372547,1953257,158432,7177,2291595,337006,2848730,244677,1436471,10649892
2/13/2018,0,2579491,4458780,6336062,0,1679273,2462974,205161,6317,2468777,396011,4024600,225490,1905730,13374333
2/14/2018,0,3549252,6834697,14250183,1905,2656260,3655774,328509,12250,3701810,748088,10965130,332253,2235963,24636037
2/15/2018,0,1843389,2822655,4663233,635,1106041,1637420,120441,6857,1737092,197671,3190175,176530,1157685,9329912
2/16/2018,0,6852531,82818898,8018881,4762,2509086,3046352,1177881,0,6041565,280857,5735035,76274155,2630141,97695072
2/17/2018,0,11660091,77253866,10964928,3911,4171311,4896096,1732680,0,10824040,462673,7082420,66635478,4078098,99882796
2/18/2018,0,9574327,68858021,8063733,2145,3264466,3935379,1469334,0,9006491,392316,4779155,60597400,3053685,86498226
2/19/2018,0,9171431,45981580,4292837,2289,2703075,2533326,1293265,0,8037025,226045,2179205,40568274,1907922,59448137
2/20/2018,0,3098604,23828883,2841405,180,1166080,1448522,497609,0,2729620,150404,1630955,21000583,1145299,29769072
2/21/2018,0,2029478,16781960,2255608,280,836066,1159728,327153,0,1771468,120434,1249855,14811102,791520,21067326
2/22/2018,0,2178542,16214137,2119459,270,790633,1084650,323529,0,1916801,91833,1202720,14379592,722650,20512408
2/23/2018,0,4415766,33707468,13365305,7967,1522818,2961333,490165,3866815,4239247,133197,2384535,29012143,6886253,51496506
2/24/2018,0,8961674,55737779,17539626,11871,2678811,5410048,1077236,4162632,8510504,229104,3129845,47991304,9061466,82250950
2/25/2018,0,6127230,40266043,11477250,9822,1655449,3268670,816389,3042137,5830090,159118,1797220,35614995,5696277,57880345
2/26/2018,0,1136678,9372784,3513368,6043,455999,1091134,138673,974161,883645,57523,586605,8166633,1674500,14028873
2/27/2018,0,1445174,12021769,4763948,4476,668735,1276546,191981,1212858,1303588,69446,783530,10281098,2447585,18235367
2/28/2018,0,1049148,8218264,3605202,3891,483497,1099272,143229,905503,898494,58252,610000,6948978,1729280,12876505
3/1/2018,0,1034853,7855886,3359083,3664,472034,1006560,140065,822636,918444,47846,566110,6680334,1599457,12253486
3/2/2018,0,3114230,19045169,17486199,8278,7156937,6514160,159814,1531802,3149364,80638,1080940,16420467,3559754,39653876
3/3/2018,0,6677304,35462894,23500276,12734,8907726,9249080,347467,2479970,6929861,133902,1540600,30381740,5682862,65653208
3/4/2018,0,4387778,22861000,14016658,4246,5244142,5422916,290512,1596130,4430712,84772,847065,20197179,3156254,41269682
3/5/2018,0,952519,5543785,4884102,3682,1823387,1921141,77097,551529,871702,31614,316225,4779226,1012167,11384088
3/6/2018,0,1327540,7385845,6704792,4949,2528560,2544731,103953,723521,1271674,38949,415815,6320604,1475319,15423126
3/7/2018,0,993646,4851312,4756981,3462,1761687,1818682,85803,559748,906726,36066,330890,4002927,1102872,10605401
3/8/2018,0,1019253,4997333,4476417,4195,1636334,1638046,78637,515072,910729,28932,280820,4310988,1097640,10497198
3/9/2018,0,12384885,12128739,14144187,4677,2982020,8416046,64187,870823,2164303,1002175,441980,20360296,2360658,38662488
3/10/2018,0,18024095,21750346,19776300,7345,5096321,10851780,98572,1413508,4428092,1059802,584925,32225562,3799524,59558086
3/11/2018,0,12225067,14614308,12378673,4988,3040425,6853888,81753,1017988,2956998,735158,341115,21921658,2274053,39223036
3/12/2018,0,3870050,4877695,4683097,1437,1200267,2498043,51652,406335,1165230,296959,151930,6747244,914619,13432279
3/13/2018,0,5453360,6293167,6111930,3867,1611581,3247229,62878,503871,1584449,394123,188230,9069514,1200449,17862324
3/14/2018,0,3884359,4690091,4531447,3115,1192506,2339979,54629,403166,1261031,286382,157270,6479678,934371,13109012
3/15/2018,0,3577624,4367068,3882682,4328,1030933,2014515,56984,334538,1169368,202448,136255,6051747,834914,11831702
3/16/2018,0,12771926,22583086,7271366,3281,6434041,10380111,40251,492536,1894298,211210,210765,12176372,10790075,42629659
3/17/2018,0,15941467,26553097,9991238,5012,6732253,11597691,50705,704041,3010294,275496,250730,18697651,11171953,52490814
3/18/2018,0,11492505,17843356,6622704,3171,4657024,8604454,38933,537028,1930422,202692,149040,12392653,7449490,35961736
3/19/2018,0,3314000,5503420,2449320,2729,1615555,3014786,11641,212482,533424,94086,69645,3316461,2401389,11269469
3/20/2018,0,4782827,7462804,3256097,1701,2172567,4080324,15799,258316,726228,127106,79880,4551383,3491826,15503429
3/21/2018,0,3434518,5117547,2516447,2941,1614873,3011194,14987,225943,571374,96040,73915,3221806,2241321,11071453
3/22/2018,0,3523997,5071344,2289235,1195,1605762,2902133,17585,193316,566121,77231,61445,3378676,2083502,10885771
3/23/2018,0,9582641,24227731,5026128,2208,3266295,8940944,10925,3048391,2409884,10167,10422630,6637261,4092211,38838708
3/24/2018,0,15309071,30727522,7067924,2651,4572526,11758716,19189,4981705,3432739,15555,10704105,11333631,6289002,53107168
3/25/2018,0,11059836,20888259,4427995,2327,2992580,8339202,12099,3473042,2716228,10512,7293510,7562048,3979196,36378417
3/26/2018,0,3902268,7260243,1756397,2202,1199509,3024390,5429,1135554,1096257,3926,2198555,2774841,1482649,12921110
3/27/2018,0,5946865,9924262,2272875,1486,1611142,4152223,7705,1783345,1625465,4853,2980165,3874939,2105651,18145488
3/28/2018,0,4172040,7063494,1439618,2822,1160931,3475503,7533,1194350,1218863,4682,1583435,2777431,1255246,12677974
3/29/2018,0,4887303,19550510,1378796,2970,1388190,3469112,8709,1498825,1183102,3354,1706355,3280491,13281441,25819579
3/30/2018,0,10968267,29385695,9947309,218078,2514241,8177371,7271363,3146632,2367510,3139,3315090,6044376,17679627,50519349
3/31/2018,0,9725129,30424324,9014694,228887,2357773,8270643,6140605,2471019,2165149,3297,3571515,6055914,18357119,49393034
4/1/2018,0,7296249,21752280,5904609,228748,1502998,6342318,3758739,1729814,1725505,2724,2528270,4370358,13221160,35181886
4/2/2018,0,4940396,10836048,2704988,82775,1051681,3059993,1703903,1658533,1068191,1245,1173300,2630516,6216845,18564207
4/3/2018,0,5129922,11274901,2809027,89313,1043743,3211022,1909964,1577369,1044502,1475,1284420,2718484,6512184,19303163
4/4/2018,0,4167131,8735301,2089559,58849,900467,2586984,1304112,1313906,859412,1231,943895,2262463,4878370,15050840
4/5/2018,0,3584298,7462991,1712282,47716,693833,2096414,1195894,1112891,753966,1148,800855,2050609,4101677,12807287
4/6/2018,59728,6613283,34856676,11160228,80452,1078122,7977748,2464441,20316043,869913,0,9058775,3321878,7683447,52770367
4/7/2018,55823,10278036,43944857,13333048,120024,1553998,11095613,3688143,21658375,1402591,0,10414525,5444849,12473694,67731788
4/8/2018,43364,6185342,27423623,7520858,78244,837970,6697241,2228399,13820773,908344,0,5910295,3344517,7503892,41251431
4/9/2018,18237,1379314,8284171,2341075,22930,229561,2006540,639204,4433140,270818,0,1749095,817455,1899914,12045727
4/10/2018,25125,2145958,11118051,3244006,35820,315430,2818539,862715,5766818,356607,0,2513565,1211440,2723846,16568960
4/11/2018,25450,1387965,9274111,2335104,21567,230852,2143849,530673,3938709,245448,0,1641540,829115,3484011,13044197
4/12/2018,25189,1247787,7084236,2127998,13809,188671,1895722,477322,3864663,225122,0,1489950,815457,1542112,10499019
4/13/2018,35129,2935024,30047172,13648898,15380,422701,5432572,1085108,10955545,280547,0,11942780,1787296,14775054,46681603
4/14/2018,48477,5148542,39957139,14414486,23870,607870,7986097,1620602,14589549,496045,0,12017780,3103547,19171024,59592514
4/15/2018,45255,4045443,28710121,8467928,18266,410556,6218499,946988,9932071,408590,0,6929145,2310708,14130456,41287013
4/16/2018,25653,1192629,7916542,2599188,5333,138023,1980883,306253,2930644,118716,0,2053990,665957,3544879,11739345
4/17/2018,23479,1346887,9796612,3269547,7224,152468,2348523,383440,3384920,132359,0,2635415,765689,4640935,14443749
4/18/2018,25198,988376,6740720,2269581,5019,134170,1794515,262063,2451448,105523,0,1775680,621106,2884389,10028894
4/19/2018,35336,1036822,6776954,2226281,3030,111643,1855597,234952,2555989,106346,0,1686605,682315,2844976,10078423
4/20/2018,37689,1762653,22781795,15246146,1518078,8153086,4856180,1947999,6712513,183485,6199651,4795510,1416000,7081937,41346361
4/21/2018,51230,3066609,33349415,14528662,760911,4742393,6103975,2445417,10027124,325925,6011268,6837795,2574477,12688453,51756827
4/22/2018,41900,1989398,20605671,8386150,398565,3004999,3756771,1513451,5589764,233856,3819299,3580350,1698865,8224329,31421684
4/23/2018,16124,524238,5664031,2683685,1498,1027036,1106361,473185,1607805,64202,1198723,1037655,512329,1862280,8889576
4/24/2018,12321,693726,8012158,3363787,923,1122178,1453381,633737,2144582,76288,1811048,1437630,726083,2677988,12082915
4/25/2018,16579,581530,5734605,2387689,1406,810374,1213906,404048,1550431,67766,1271988,1004260,673325,1725711,8721809
4/26/2018,21891,511804,4555549,1704749,957,592648,933282,282097,1344915,68775,1131584,692045,579982,1169622,6794950
4/27/2018,36532,916858,116758417,4152905,3391,1199341,1426628,628145,3440245,95490,2579441,1923635,108061455,2513723,121868103
4/28/2018,40089,1360337,97858650,6031057,2466,1670851,2153843,989237,5077032,172457,3374362,2811525,84668414,4374878,105292599
4/29/2018,35661,883626,79565907,3818711,1546,1116726,1567748,677789,3161643,129029,2222954,1612750,70686598,3130214,84305451
4/30/2018,18746,254650,27813828,1333607,1040,394386,607129,234132,938997,21330,717175,538855,25218293,751574,29421871
5/1/2018,13456,294021,27496957,1671044,2457,449128,698615,312742,1195336,24887,1063254,727415,23946279,1060279,29477935
5/2/2018,16851,239831,19848173,1227032,1298,351170,582681,210302,876232,20969,745820,507335,17349941,688735,21333185
5/3/2018,20475,251941,18425413,1138930,865,341296,569205,185687,937488,24031,751716,470635,15890221,667345,19837624
5/4/2018,29877,620357,43117243,4136360,18673,617263,2665178,5156539,2423185,208229,1621161,1148155,32517622,1565178,47922510
5/5/2018,35124,945761,61774129,5043578,28745,808833,2985305,5600584,3417845,327745,1987520,1623985,48391102,2684418,67827337
5/6/2018,27809,635398,48286843,3585477,18420,590016,2384617,5135186,2320473,238126,1441839,949345,37531580,1962765,52553947
5/7/2018,19876,207118,11508661,1332207,5998,233495,899308,1291032,724421,67874,462629,331205,8564680,499216,13073860
5/8/2018,20349,287489,15237403,1805646,6078,286679,1192804,1770962,996726,106199,736405,468675,11033106,765409,17356965
5/9/2018,21859,235505,10221417,1362675,11052,235336,982487,1112362,750692,73371,530279,331655,7321121,515205,11852508
5/10/2018,22104,227617,10021256,1143090,6831,206286,876662,1144151,758958,68114,468460,264725,7164643,468899,11420898
5/11/2018,22874,560894,32454185,2039029,45583,337932,1495314,2286576,1900045,122811,971427,5219275,16734956,6054229,35122565
5/12/2018,43877,1028750,49894910,3039131,51820,484409,2368098,3713202,2946280,192321,1427167,6646460,28265882,8014669,54058488
5/13/2018,45147,1100558,43490599,2161204,35240,262104,2051444,4347628,2015292,179657,1406843,7857100,20311196,8401484,46832748
5/14/2018,20257,367795,9545402,768814,10789,129990,785488,785940,652399,44297,326214,1462190,4873038,1653501,10713057
5/15/2018,27190,440261,12785218,954288,10264,150864,912716,1075471,837453,58351,471482,1956685,6322665,2431534,14217221
5/16/2018,22212,441937,8673950,797887,13719,123321,874901,684722,682065,48975,346749,1118085,4461997,1608890,9949705
5/17/2018,25542,229102,6957447,508694,11576,79800,530750,540210,515407,34614,241999,893775,3635862,1259944,7732361
5/18/2018,92842,760094,21074313,54133724,24201,53507579,2585309,1189126,5966912,64640,345439,2096645,7577887,2751637,76085174
5/19/2018,121791,559557,32213005,41989905,39919,41026612,3914009,1949012,6650767,105191,525066,3263430,13254634,4235456,74924177
5/20/2018,112385,470435,23481759,33041665,23537,32377439,2759157,1603718,5206480,78135,395308,2179735,9641570,2888239,57129781
5/21/2018,68116,170949,7664805,12335478,9654,12067651,848136,380120,2338230,23046,149605,658700,2805114,978400,20249002
5/22/2018,48808,196324,9764604,12764140,10862,12456545,925631,590504,3347996,26843,183182,966845,2970177,1317015,22784738
5/23/2018,61142,180944,6655466,8343209,11976,8082675,678196,377237,2455153,23006,135052,598625,2002405,900388,15252737
5/24/2018,47442,161538,6171517,7017682,11690,6814592,632538,325457,2217562,19034,95024,520000,1996103,789559,13409869
5/25/2018,48976,519466,47487370,12722110,25158,12296267,1530975,738701,3405514,25207,135151,1193300,39796100,1681865,60803080
5/26/2018,79268,388987,42449612,16849013,42201,16207688,2066134,1139066,4568108,44477,198333,1774610,31359226,2451439,59809081
5/27/2018,80368,388344,42767370,16256693,42814,15599254,2203878,1342415,4784427,40315,178089,1635655,31272303,2479253,59535589
5/28/2018,69653,354479,32985363,10885085,33626,10417197,1807434,1029086,3811914,36660,139747,1276565,23943290,1866313,44328206
5/29/2018,45157,140595,14151052,5591372,11257,5382248,740474,396976,2331662,13246,82849,663340,9348214,980424,19939433
5/30/2018,37008,146726,10285090,4095008,12646,3893942,680241,287846,1991497,11358,65444,483855,6388650,773645,14576478
5/31/2018,38709,145042,9436151,3792551,14864,3608611,639022,261892,1860657,10104,60001,401860,5906343,678827,13427317
6/1/2018,42048,175716,21010997,9699376,20480,6788888,2585858,517620,3457868,10890,4359367,860195,11050472,1317459,30948617
6/2/2018,66267,242011,29585473,13082695,31405,9856969,3098702,815469,4509052,16462,4434559,1369825,16994210,1912603,43007851
6/3/2018,56864,194361,21126902,9264202,20169,6834017,2361969,666066,3396815,11781,3106679,807130,12237739,1240302,30662498
6/4/2018,33298,90155,8062917,3747124,8605,2662760,1072134,221820,1646745,4707,1266613,350435,4179491,537394,11942099
6/5/2018,33202,121139,11312545,4767859,9348,3425538,1337560,330588,2391010,11040,1848901,494610,5602431,802415,16244093
6/6/2018,37794,107052,7640054,3267130,10298,2284974,1040437,225773,1811187,5161,1161062,309110,3670226,554398,11062328
6/7/2018,37786,99102,6916384,2989989,9743,2205186,907003,176923,1493726,4793,965597,249770,3615776,434230,10053004
6/8/2018,56663,118249,26479366,11295607,8626,3845862,7627974,294784,1861262,5605,1575415,406290,5958826,16382493,37958511
6/9/2018,75428,163445,31617123,13602374,14924,5957793,7859524,453967,2534132,8022,2173899,670880,9649585,16165492,45473294
6/10/2018,62797,138416,24228854,10690524,10293,4458406,6431624,413110,2034740,7696,1661978,461185,7619217,12042928,35130884
6/11/2018,39072,63950,9540984,4475806,5529,1715096,2864638,129228,1013357,0,692797,190495,2757558,4762172,14125341
6/12/2018,42003,81807,12965684,5358182,5217,2080352,3404297,201660,1399119,0,943241,261310,3491197,6671717,18452893
6/13/2018,50096,70108,9267766,5384930,5293,1613723,2702943,128592,1156813,1202734,705491,156940,2550504,4560453,14778193
6/14/2018,40441,90426,7235282,4279377,4892,1344186,2128734,82864,853159,938583,481836,102605,2197084,3521367,11650418
6/15/2018,50812,72031738,12257659,13077519,606567,2347956,4454001,112888,716550,1882219,713583,132475,76001825,11662798,98024295
6/16/2018,63805,59600569,15867437,14768409,656253,3307824,5246411,154007,873749,2423948,878807,170905,65225109,12675713,90956473
6/17/2018,58855,52796614,13834705,13469351,490886,3068619,4202396,168552,597406,2564573,662348,127815,58728068,10530634,80650411
6/18/2018,37879,23735487,5389905,5391391,4859,1104682,1861534,62805,444723,818853,354574,57890,25479575,4374885,34559521
6/19/2018,51591,27172453,7152054,6528677,4338,1341683,2187694,93238,614703,933254,461052,83480,29363592,5830417,40909113
6/20/2018,49105,19831625,5326245,4908008,4398,1036775,1800954,60142,514687,624364,369615,58670,21474058,4180116,30119381
6/21/2018,52407,16496377,4501967,3942789,4524,870260,1370211,40561,420999,527867,254375,40675,17897658,3575458,24998064
6/22/2018,47816,24182122,65887304,6553639,12000,1505810,2282659,164582,314077,969384,229451,58685925,26187456,6343537,96682881
6/23/2018,65366,31478128,60035618,9200265,14553,2212794,3103487,217912,465537,1409813,330602,49879245,34495775,8678765,100793930
6/24/2018,48142,24818054,46743889,6735251,10115,1573567,2292703,170485,342725,1025767,227876,39828095,26914199,5980034,78355451
6/25/2018,37677,10433419,17869017,3010329,5009,643274,1151259,142180,190769,439097,122114,14759815,11313758,2593185,31355451
6/26/2018,46269,13740889,22607779,3862712,5716,818743,1356619,151374,255064,533684,166174,18436205,14906489,3639013,40263365
6/27/2018,38319,10252861,15642059,3061191,0,658805,1185117,149107,227300,394860,122958,12301615,11152912,2801756,28994430
6/28/2018,40445,10072919,14705260,2661625,0,613808,1074409,154329,202938,290119,112741,11415545,10961579,2654781,27480249
6/29/2018,45454,13667370,28653844,11583163,796778,1797517,1810577,6183439,236157,7887808,166780,17441795,14796348,4426188,54746609
6/30/2018,49678,17849426,36078168,11795151,1028366,2456976,2490886,5256650,342428,6761664,218697,23920935,19461351,5891202,66800789
7/1/2018,41716,15169387,29292147,9918199,927739,2055479,2201384,4002818,282429,5761152,152899,19770045,16445929,4677053,55349188
7/2/2018,31665,7704622,13382568,4577230,489888,1096475,1134072,1845605,173627,2352161,89127,8596415,8449776,2448715,26185973
7/3/2018,30730,10326822,18323644,5594975,606720,1308023,1507664,2534267,194706,2818957,111203,11913890,11323211,3170970,34882891
7/4/2018,27279,9722316,18163128,14649550,627043,1303745,1575993,2218060,228622,2824469,119985,20828720,10710517,3379205,43189316
7/5/2018,37053,7228414,11377108,8079979,296038,696254,1179078,1624958,160658,1825140,76742,11707455,7820597,1927710,27018592
7/6/2018,42761,9872007,48888288,11264725,376704,903810,2446129,2167555,176715,2470897,95070,15265475,44100037,2818797,70444485
7/7/2018,49454,10793940,41824663,12769021,497793,1173596,2858018,2562448,225166,3160058,119241,17392960,35017051,3426333,65934871
7/8/2018,38961,8150896,32191342,9939819,419045,879134,2146555,1876640,167725,2619928,73655,13453060,27140419,2382947,50740063
7/9/2018,28179,3589540,12747815,4525912,147481,381125,986631,837765,92091,1007175,34949,5761870,10803052,1134269,21038927
7/10/2018,30328,5357929,18259145,5634802,247149,536597,1144879,1240048,124844,1278969,47025,7875780,15689007,1592204,29529353
7/11/2018,33849,3663822,11572160,4000153,131499,354011,1005269,806921,110240,922871,38296,5215930,9752748,1195197,19401483
7/12/2018,39126,3410263,10199313,3417910,102963,262827,856290,652043,91159,814367,35419,4681015,8889117,887338,17169575
7/13/2018,28502,21947622,25509951,6673265,150619,379845,3162928,936081,103716,18071177,57946,16910525,13417185,1270556,54309959
7/14/2018,26881,22287592,32023618,8142030,211852,552786,3890785,1303220,148738,16931247,78328,19175395,18791837,1819637,62691973
7/15/2018,20415,17276635,23848962,6378324,161505,368340,3106728,947324,117715,13323506,44733,14331055,14194765,1251675,47685841
7/16/2018,0,7411861,9794358,2997346,54525,157759,1363529,435049,60838,5562041,21526,6032975,5968819,655554,20258090
7/17/2018,0,12097267,14798506,3820243,111333,237873,1636390,663531,80943,9215810,31183,8912700,9122981,925938,30827349
7/18/2018,0,7071890,9295345,2786188,57525,151912,1344505,423929,70025,5246629,23243,5596465,5710239,644001,19210948
7/19/2018,0,6552191,8065851,2223722,44644,119714,1160288,326300,64674,4714744,19853,4782690,5235474,462671,16886408
7/20/2018,0,10201386,26954967,18625419,77494,190667,3706326,579237,77144,20679180,22259,22005360,7882104,716989,55859266
7/21/2018,0,14376829,29663765,19006539,111534,290394,4477880,726226,108104,22790661,29471,22104965,11620575,1010391,63158667
7/22/2018,0,12005529,24735921,15081752,86594,218416,3799193,539819,86741,18318482,23182,18570610,9594790,758563,51909796
7/23/2018,0,5255228,11364084,6166407,23871,89638,1801062,255597,46277,7254134,9245,8762450,4207958,383229,22809590
7/24/2018,0,8021836,15883420,8014399,46680,128348,2132178,335972,60990,10684807,12375,12166305,5967213,478147,31966335
7/25/2018,0,5700685,11483204,5498994,25411,94377,1811325,250125,56216,6994991,9493,8762415,4341208,388144,22708294
7/26/2018,0,4691374,9184797,4050642,17169,66270,1322901,171205,54170,5531270,8937,6932565,3592775,263889,17943982
7/27/2018,0,10265137,34688275,7032986,28041,100315,2185941,601794,22861178,7926371,11382,8976400,4831008,4520050,52014439
7/28/2018,0,11472124,37132674,9417855,45432,147734,2827002,680056,21500858,10901608,14703,11462415,6641188,3892521,58068085
7/29/2018,0,8655303,29214458,7025435,34330,109466,2105600,483487,17069641,8146542,8905,8947870,5111415,2946600,44929526
7/30/2018,0,4269874,12939100,3035810,11667,46732,1101807,245716,6873270,3532989,4367,4596255,2513001,1342314,20256451
7/31/2018,0,6858768,18398130,4169893,23185,65304,1359066,360242,9489462,5485308,6732,6753930,3680361,2249571,29449976
8/1/2018,0,4911627,13036291,3072597,15671,52128,1235368,269507,6360901,3885789,4956,5017725,2790348,1419464,21036186
8/2/2018,0,4091825,11156056,2428237,10162,40274,911008,197845,5666673,3330379,8253,3949615,2433718,1148515,17686280
8/3/2018,0,14911151,20239193,9544799,40891,2387801,2874528,5261999,9865252,4958545,0,4876190,12947360,1564359,44736034
8/4/2018,0,16069744,27263704,10351915,60728,2104214,3232488,4455757,14752485,7093583,0,6464650,13493316,2149598,53746091
8/5/2018,0,11636598,20113900,7624674,48744,1559723,2474510,3241000,10753945,5087688,0,4796935,9973353,1536762,39423916
8/6/2018,0,5959832,9284242,3573879,21447,786432,1293502,1551223,4469991,2411196,0,2565155,4925460,836441,18839400
8/7/2018,0,8530629,12050980,4517945,26144,1147463,1432931,2105042,5674262,3336801,0,3399865,6849045,1180289,25125698
8/8/2018,0,6254802,8196606,3400812,15964,679934,1984563,1445263,3690819,2334614,0,2403680,4570907,758404,17868184
8/9/2018,0,5280495,6993402,2633090,10369,503281,1339226,1226078,3356219,1924114,0,1956135,4036853,575450,14917356
8/10/2018,0,7260340,31689295,7819604,12779,661325,5619112,1948233,5320219,7745338,0,2537285,5771036,17179470,46782018
8/11/2018,0,10980811,35790014,10586158,18496,943808,7112714,2889837,8401242,8446764,0,3611020,8758310,17211784,57375479
8/12/2018,0,7883981,26141929,7489815,13362,643568,5241887,1933999,5630629,5903751,0,2659915,6284447,13230891,41529087
8/13/2018,0,3755177,10530618,3081034,3760,303535,2299900,808368,2110799,2735466,0,1344200,2904959,4863362,17370589
8/14/2018,0,5389982,14138879,4018406,7991,443184,2916069,1144431,3285530,3405189,0,1833895,4076251,6450709,23555258
8/15/2018,0,3210447,13133516,2565116,2657,211283,1862667,635759,1835262,2055342,0,1116040,2562761,8632622,18911736
8/16/2018,0,2839589,11211584,2535983,3250,148492,1942176,534169,1687756,1827833,0,1009735,2283862,7156383,16590406
8/17/2018,0,4732048,23432097,9296478,10893,82276,2895974,829778,3008971,6578614,5245939,1450685,4040209,13339070,37471516
8/18/2018,0,6849980,34011829,11004205,11902,143037,4332371,1193146,4602087,9099070,4927369,2088190,5791949,19700697,51877916
8/19/2018,0,5047570,25458646,8126689,10626,88626,3505373,808432,3162289,6197216,3537517,1477805,4179417,15686856,38643531
8/20/2018,0,1974895,9440893,2983346,1960,31328,1236280,309150,1068304,2176242,1396145,643180,1594764,5945701,14401094
8/21/2018,0,3206693,14231065,4172133,1562,44643,1814429,492813,1715951,3431554,1959985,953910,2529519,8668649,21611453
8/22/2018,0,2194938,9647381,2678760,1979,30435,1432860,326051,1137791,2361044,1073846,693045,1680971,5787015,14523058
8/23/2018,0,1564713,8127362,2388485,1448,21010,1092641,245899,966546,1709805,1000153,537355,1289509,5219090,12082008
8/24/2018,0,3597081,16885530,8684996,6263,30912,3308675,351186,2263164,3691343,5653955,856200,2539592,10478843,29173870
8/25/2018,0,6189031,26005836,10537403,6173,56025,4772749,505911,3366295,5859568,6032425,1324700,4479506,16341264,42738443
8/26/2018,0,4032896,18354681,7196186,6215,32023,3212180,299194,2457926,4263550,4212087,880125,2804189,11428704,29589978
8/27/2018,0,1370410,6108017,2596123,1232,10595,1145783,116901,725066,1333708,1433084,360985,989703,3959957,10075782
8/28/2018,0,2150635,9302926,3387826,1526,13827,1689639,155428,1166570,1921910,1925376,480205,1455528,6034430,14842913
8/29/2018,0,1368883,6969276,2348744,1897,10190,2118228,99931,760293,1221802,1283317,338050,986074,3870915,10688800
8/30/2018,0,1293432,6074880,2209950,1160,10743,1851341,83207,706555,1065512,1120830,297930,987264,3456040,9579422
8/31/2018,0,2782495,17635801,4215930,2750,17823,3830670,1694848,1561807,4189104,2074319,690860,2295174,8282371,24636976
9/1/2018,0,4895014,24785992,6249820,2840,39847,5328373,1812341,2718970,5838532,2981015,1179325,3927352,12107911,35933666
9/2/2018,0,4898355,25719257,6324245,2861,31726,5441567,1828925,2751722,6032605,3093316,1203555,3948599,12612703,36944718
9/3/2018,0,4786279,20365649,4747015,2763,21408,4826735,1400140,2282672,4647263,2058974,881095,3720729,10062690,29901706
9/4/2018,0,978426,6787019,1795386,1080,5242,1558805,505790,735697,1656375,880253,273830,796886,3149033,9561911
9/5/2018,0,581406,4571688,1263525,1567,4550,1181280,278206,441874,1108897,558876,195790,484765,2163948,6418186
9/6/2018,0,483425,3796726,1039205,223647,4008,1227030,257715,477496,794283,401792,156500,415230,1808949,5543003
9/7/2018,0,1730089,10114548,28801882,10881,11137,2670640,403208,980481,2514258,5301986,272800,1137970,27364920,40657400
9/8/2018,0,3712100,17431149,28306433,9551,23184,4170373,761290,1852560,4385265,6280149,546410,2605924,28834078,49459233
9/9/2018,0,2420268,10136508,17473200,223483,12160,2644639,588873,1052757,2670409,4130000,327425,1676692,17150504,30253459
9/10/2018,0,753444,3582829,5408109,165320,3115,1200904,152464,430172,983298,1286070,118025,543746,5191908,9909702
9/11/2018,0,811941,4730224,7636466,6396,3396,1362152,228085,550467,1194651,2092584,154640,508959,7090093,13185027
9/12/2018,0,489052,3115283,4394778,3125,3082,949236,139759,357898,789728,1308465,108325,325799,4019946,8002238
9/13/2018,0,433194,2674883,3683193,3290,3404,775050,87276,279235,689230,1009064,92840,295081,3563380,6794560
9/14/2018,0,975381,7169177,28206706,8873,10315159,2064026,6055327,611344,5045552,1827439,184350,735428,9521512,36360137
9/15/2018,0,2061959,10761735,29486926,10289,8413741,2675504,6432339,1101629,5628359,2834280,331130,1579426,13324501,42320909
9/16/2018,0,1365642,6524560,18992709,8937,5942464,1671464,3904295,572252,3754160,1716149,206715,984866,8139483,26891848
9/17/2018,0,326273,1981836,6122727,4151,1902963,668004,1307797,183189,1244655,542306,66890,247140,2272043,8434987
9/18/2018,0,428368,3211215,9252040,4151,2504273,913601,2356765,292851,1975773,1010568,98220,309339,3434384,12895774
9/19/2018,0,413800,2268009,5702212,729398,1466571,1400177,1366600,219538,1363669,557855,79170,302619,2357220,9113419
9/20/2018,0,250079,1806438,4878538,9243,1237295,578100,1270370,173527,1036527,480171,65525,176998,1925785,6944298
9/21/2018,0,8320401,4351735,14082776,8093,2537491,3300368,3321446,324800,2380415,1087991,7952265,430457,5427772,26763005
9/22/2018,0,12634814,6988852,19916060,12222,4087255,3805118,4523934,558957,3591111,1704689,11788645,906199,8586040,39551948
9/23/2018,0,8053030,3795459,11868887,11254,2551713,2527601,2614957,279056,2092288,1003088,7463255,537368,4659304,23728630
9/24/2018,0,1396120,1256587,3833406,8048,741369,972162,838552,100686,719214,322742,1270365,132298,1396773,6494161
9/25/2018,0,2447245,1836931,6933240,2176,1094686,2301023,1450357,150231,1137236,622879,2290345,170116,2002719,11219592
9/26/2018,0,1283369,1184823,4828438,6299,671693,1816400,1054161,99701,760876,326105,1177110,124309,1272574,7302929
9/27/2018,0,1130507,932051,3674922,3011,514922,1392087,779569,80835,503797,232203,1061600,84843,1090635,5740491
9/28/2018,0,9776721,12380936,9186427,206815,1018472,4157400,2105601,170876,1124769,512765,12684800,213799,9562417,31550899
9/29/2018,0,16241631,15380010,13638258,323419,1717155,5815414,2856189,294891,1694071,809694,17245910,405234,14744760,45583318
9/30/2018,0,10690776,8761609,7377476,225770,1125199,2864536,1629394,159186,1002724,476520,10175255,257294,9365523,27055631
10/1/2018,0,1785856,2429100,2818781,45886,326905,1312290,539884,52564,360572,200899,2344360,68562,1873587,7079623
10/2/2018,0,3074558,3926094,4793711,101696,470687,2580875,922555,86735,536988,261870,3913020,88235,3035094,11896059
10/3/2018,0,1647537,2333681,2469190,52058,306079,1056653,559417,55446,354304,159428,2193170,68674,1749295,6502466
10/4/2018,0,1519732,1857107,2282893,37794,187141,1124504,564531,43798,254528,110072,1750475,63546,1598931,5697526
10/5/2018,0,5463180,37580777,19149706,42975,416093,1611281,1046237,87037,32904355,132242,5271785,192327,20575281,62236638
10/6/2018,0,9851203,33879435,19801874,56448,585192,2088778,1413994,134021,26928007,202883,8539425,362314,23334346,63588960
10/7/2018,0,7436672,26675100,15893589,49700,458108,1651196,990612,100518,21766177,138681,6097280,295335,18557154,50055061
10/8/2018,0,4693241,12235043,8525533,258643,231678,1039531,509209,69271,9784811,82901,3135840,238934,10620285,25712460
10/9/2018,0,2178487,10254245,7646297,11224,191332,694413,467804,43575,8374174,76894,2117285,116802,8007974,20090253
10/10/2018,0,1449638,6138193,5795348,14011,137359,596428,339703,32328,4843048,58571,1457700,94240,5837813,13397190
10/11/2018,0,1416750,5557379,5641062,10962,96584,592963,347337,31151,4342220,42806,1340165,94730,5738197,12626153
10/12/2018,0,8261041,19790798,13054444,36653,3387386,1869177,420582,45302,14747039,51267,8968860,116993,11536330,41142936
10/13/2018,0,12955507,27778427,16925710,55986,3497656,2246451,589385,71758,22207955,86231,11663315,203920,17148959,57715630
10/14/2018,0,8134780,17560658,11169192,44604,2199897,1550258,319734,40466,14370296,49697,6969385,124581,11284920,36909234
10/15/2018,0,1752522,5419466,4341945,14126,994615,686602,136479,15668,3663221,18987,2189875,39394,3783218,11528059
10/16/2018,0,2306254,7180172,5759914,13774,1235362,952401,185562,20664,4970596,23761,2920380,39753,4911635,15260114
10/17/2018,0,1335527,4701863,4099695,14993,770004,716673,130100,17047,2873908,19040,1994150,33245,3597911,10152078
10/18/2018,0,1566873,4260065,3613436,16125,683678,617651,102340,17869,2838432,16197,1739050,46378,3394904,9456499
10/19/2018,337,4792128,13021113,40823543,29660,3545754,2143964,110565,0,7677747,21361,37453965,77761,7635664,58666781
10/20/2018,1030,8393641,18887430,38052613,40619,4597241,2654096,157805,0,12445282,33684,33854680,131057,11501488,65375333
10/21/2018,1035,5342275,11731792,23356055,33126,2944114,1904096,91519,0,7894171,22217,19945940,76467,7585759,40464283
10/22/2018,39,989420,3338431,7327818,12802,954689,791728,38581,0,1765401,7813,5758610,21102,2330586,11668510
10/23/2018,275,1388673,4978513,10066723,15127,1447938,1062473,52099,0,2596499,10228,8025400,21733,3232941,16449311
10/24/2018,79,792926,3280343,6453691,15172,938697,860128,43389,0,1524505,8025,4798365,19290,2349812,10542211
10/25/2018,642,948059,3235911,6518865,16186,870956,778432,39672,0,1640893,8259,4903095,21807,2456549,10719663
10/26/2018,0,3768437,8436931,19338661,23907,2010015,4250760,2604011,0,4704970,12405,12455350,66850,5463575,31567936
10/27/2018,165,6892088,12886040,24833482,34261,3018093,4500744,2518155,0,8220005,18612,17792520,115090,8462817,44646036
10/28/2018,270,4395447,7980601,15461994,34472,1835073,3271773,1682196,0,5180516,13941,10323765,74821,5490699,27872784
10/29/2018,98,797004,2396667,5181223,14089,548531,1240709,636317,0,1181981,4351,3152570,18346,1606276,8389081
10/30/2018,0,1209823,3464867,7614681,15949,831431,1677347,992275,0,1760425,4885,4795580,20494,2222883,12305320
10/31/2018,0,1267559,2928171,8274085,15640,571772,1334998,684630,0,1682824,4802,6506835,24825,1674769,12485455
11/1/2018,117,779098,2244349,4121729,16101,453445,1178012,543702,0,1107815,4588,2104800,22473,1746559,7161394
11/2/2018,125,7946624,24029921,14631594,19017,19837263,3051532,1086428,4842103,2938634,0,4780630,5967266,4123425,46627281
11/3/2018,508,13204009,27355763,19129804,28088,20548210,3904277,1523501,5665135,5468399,0,7019180,8797552,6791918,59718172
11/4/2018,0,8768656,18476195,11289379,24233,14357271,2660437,983831,3235873,3368726,0,3732625,5896555,4323145,38558463
11/5/2018,0,1703206,6020314,3580577,9298,4689568,1010403,350756,910133,833274,0,1111435,1116715,1291111,11313395
11/6/2018,0,4033524,8827929,5327449,9368,6802623,1322873,565518,1601065,1616120,0,1607575,2561900,2120596,18198270
11/7/2018,0,1342795,5414430,3374408,8857,4204531,1057405,359862,767204,700930,0,900210,891481,1258867,10140490
11/8/2018,0,1229057,4846102,2976362,274870,3762174,1143725,264916,714595,671299,0,732680,850691,1186311,9326391
11/9/2018,0,21763800,11308232,13767758,378727,9024857,2273453,230311,5593735,4537431,0,20412790,2435722,2710218,47218517
11/10/2018,0,33348783,17782621,17166107,497284,14046793,3311961,334482,6675513,5451248,0,30212260,4515464,4247074,68794795
11/11/2018,0,25830157,12795496,11706629,371866,10293770,2421757,230449,4569102,3747372,0,23171805,3323688,2946205,50704148
11/12/2018,0,13153709,6130966,5640869,13509,4790298,1048910,136969,2125696,2012189,0,11436560,1739460,1648971,24939053
11/13/2018,0,6025649,4422539,4921720,9761,3563761,865573,116198,1876295,1568710,0,5470580,855554,1062998,15379669
11/14/2018,0,3281485,2983115,3181100,11133,2372142,671164,82984,1120959,940002,0,3013930,473475,782177,9456833
11/15/2018,0,3059719,2333720,2335620,7531,1902769,521811,58151,823099,664795,0,2738395,414644,612926,7736590
11/16/2018,0,10223836,35534072,9165206,10885,8728717,1371560,34033,6194324,1294803,0,9355696,1148121,26806745,54933999
11/17/2018,0,19655560,36052451,12569195,16575,12150933,2012330,47735,8495441,2092729,0,17874196,2187415,23433002,68293781
11/18/2018,0,14470090,25735179,8239134,14819,8341615,1441090,36788,5820874,1342428,0,13126822,1551330,16798275,48459222
11/19/2018,0,5416171,9100962,3213340,5487,3158196,614371,26514,2142326,568672,0,4891461,642549,5691871,17735960
11/20/2018,0,7796547,12444233,3718071,6534,4165527,640268,24429,3020325,603931,0,6999866,866260,7644779,23965385
11/21/2018,0,25982104,28103100,2834233,6543,4186263,12141270,3171021,2702894,432299,0,7981695,18894945,7415593,56925980
11/22/2018,0,15377545,23632560,2850820,3965,4069053,9313034,1953273,2986046,347957,0,5821005,10615256,6759266,41864890
11/23/2018,0,34620188,42031764,6471846,6585,8424375,15523532,3508339,5416356,673104,0,13845640,22823686,12915351,83130383
11/24/2018,0,34097668,42055024,6766413,9533,8858606,15081640,3586823,5798722,732267,0,13967565,22240281,12662734,82928638
11/25/2018,0,21325599,24189151,4008902,7648,5276228,8708021,2142979,3108106,407556,0,8588130,14033665,7266615,49531300
11/26/2018,0,3731418,6602018,1375764,2664,1591000,2426816,630949,863744,160474,0,1812600,2394677,1831604,11711864
11/27/2018,0,5250696,9422829,1962928,1945,2327264,3282465,978264,1355850,212598,0,2529330,3423245,2529382,16638398
11/28/2018,0,2859137,6031922,1541064,3002,1602358,2228101,554525,830914,159886,0,1648700,1778835,1631806,10435125
11/29/2018,0,3117389,5928166,1269283,3473,1540296,2195207,587094,818414,142448,0,1663225,1778773,1592854,10318311
11/30/2018,0,10078610,15329163,5522909,7713,3610950,5895344,1362885,2349202,2811581,0,5169150,6041813,3697470,30938395
12/1/2018,0,21099620,23487488,6583176,3631,5547517,8625727,2064401,3534229,2727794,0,10199265,12526220,5948762,51173915
12/2/2018,0,14150141,14500934,4151979,3350,3445104,5246000,1354338,2074330,1732245,0,6781795,8371810,3800782,32806404
12/3/2018,0,2145667,3970706,1368880,5022,1067278,1424391,376661,565303,512632,0,1283100,1246699,1014211,7490275
12/4/2018,0,3951880,6616333,2085190,1664,1745403,2159297,683162,1057861,770867,0,2313575,2303788,1621114,12655067
12/5/2018,0,2588915,4586054,1482360,1713,1329366,1706998,431407,680299,495619,0,1558520,1339273,1117560,8659042
12/6/2018,0,2253890,4262933,1439567,1939,1171216,1473848,403657,659858,467292,0,1518695,1208740,1055023,7958329
12/7/2018,0,7143896,10370819,3907040,4890,2609246,4065710,960499,1717482,1072958,0,4738045,3748705,2514000,21426645
12/8/2018,0,15671477,17248712,5601073,3260,4257173,6518861,1597772,2835942,1596547,0,9122810,8274368,4321049,38524522
12/9/2018,0,10034594,10360682,3544608,2597,2564165,3696403,973723,1716208,990700,0,5882680,5350732,2767870,23942481
12/10/2018,0,1856261,3266973,1344114,2062,889060,1209192,307121,506524,344086,0,1405115,949176,859136,6469410
12/11/2018,0,3197179,5149080,1861419,1307,1369523,1753768,509428,857647,488117,0,2307165,1645147,1278190,10208985
12/12/2018,0,1912830,4268299,1355787,1904,1860612,1210951,295611,541896,327445,0,1490045,927109,885151,7538820
12/13/2018,0,1816237,3521288,1118547,1492,1230489,1149828,235486,510123,285648,0,1466555,810061,769374,6457564
12/14/2018,0,17706377,9724183,8367858,595,2332515,3079719,355512,1116859,13073324,0,6408395,2229608,7203081,35799013
12/15/2018,0,22986578,13568259,10135553,1080,3570087,4375964,503903,1720265,13580934,0,9410290,4559345,8970682,46691470
12/16/2018,0,16427356,9093562,7101600,947,2428486,2910161,356616,1104034,10068264,0,6406040,3051533,6298331,32623465
12/17/2018,0,4510401,3345350,5211220,271,912179,1174705,136077,382864,2934965,0,2052105,706739,4767608,13067242
12/18/2018,0,7324209,5103243,4116506,239,1329386,1654819,228192,631698,4528932,0,3283615,1224531,3663024,16544197
12/19/2018,0,9631428,3245201,2716668,695,913241,1186750,103635,370932,2927891,0,2223345,5563564,2304634,15593992
12/20/2018,0,9357855,2495762,2472865,1245,685454,974868,51651,251621,2962802,0,2264225,4955034,2182072,14327727
12/21/2018,0,15281781,42240574,4497065,181,779942,2100023,26304,8686286,4850277,2480546,4157695,8083902,30854626,62019601
12/22/2018,0,19887757,34910271,5732600,171,1096248,2567996,33892,7260664,6259755,2151006,5159825,10516501,25484912,60530799
12/23/2018,0,18281115,30685667,4863467,342,1036822,2167770,27585,6355792,5494046,1858431,4691510,9830962,22367673,53830591
12/24/2018,0,13073987,18228944,3256510,85,654865,1302890,14801,3881871,3364358,1001631,3560725,7386335,13392050,34559526
12/25/2018,0,20925653,45273987,12191089,427,576758,8261271,28413,9286017,12101921,3069572,4621955,13186368,27258881,78391156
12/26/2018,0,20585699,32353285,8469841,325,627721,5499073,30532,6555836,9426233,2052679,3407890,12907505,20901681,61409150
12/27/2018,0,19922354,28131387,10660743,132,567376,4634761,31249,6025263,8407576,1950197,3225160,12284887,21588147,58714616
12/28/2018,0,21201476,32921722,9011815,514685,812198,6165712,37268,7118683,9132119,2422340,3352950,13079033,21529395,63649698
12/29/2018,0,19823561,35741942,9773879,615097,884573,6692335,42496,7846999,9107718,2657458,3285515,11889090,23548295,65954479
12/30/2018,0,17305935,31347238,8535226,633278,801760,5856355,31715,6894619,8116063,2279893,2733420,10288711,20819141,57821677
12/31/2018,0,13285472,20456431,7519023,352374,632929,4629009,21339,4517029,5473285,1621189,2302360,8407759,14008401,41613300
